chunk_id,section_id,type,topic_tags,summary,已出题,题目数量,题目IDs,题目等级分布
IMG2019_FACT_001,中国脑血管病影像应用指南2019,fact,,中华医学会神经病学分会 中华医学会神经病学分会脑血管病学组  通 信 作 者 ：徐 运 ，南 京 大...,0,0,,
IMG2019_FACT_002,Chinese guidelines for the imaging application in cerebrovascular diseases,fact,,"Chinese Society of Neurology, Chinese Stroke Socie...",0,0,,
IMG2019_FACT_003,脑成像技术,fact,,和 均可通过密度或信号强度用于脑实质以及解剖结构的成像。在急性脑血管病应用时主要满足以下需求：（）判...,0,0,,
IMG2019_FACT_004,（一） 是检测脑出血的“金标准”,fact,,是目前临床确诊急性脑出血的首选方法，也是急诊鉴别急性缺血性卒中和急性出血性卒中、溶栓前排除脑出血的最...,0,0,,
IMG2019_FACT_005,（二）血肿扩大的 征象,fact,,血肿扩大指脑出血患者早期颅内血肿因持续活动性出血而不断扩大的现象和过程。早期血肿扩大定义为： 内血肿...,0,0,,
IMG2019_FACT_006,（三） 是诊断蛛网膜下腔出血（， ）的首选影像学手段,fact,,表现为脑沟、脑裂或颅底环池内的高密度影。 内， 排 的诊断敏感度为［15］ 。随着时间的延长，出血逐...,0,0,,
IMG2019_FACT_007,（四） 在缺血性卒中诊疗中的作用,fact,,目前， 是临床上公认的急性缺血性脑卒中常规检查和首选检查手段，主要目的是排除脑出血 。 在 组 织 ...,0,0,,
IMG2019_FACT_008,（五） 在缺血性脑水肿或出血转化诊断中的作用,fact,,CT是对这两者随访最佳的影像方式。恶性脑水肿以及出血转化常为缺血性卒中不良预后的主要原因之一。卒中如...,0,0,,
IMG2019_FACT_009,"（六）NCCT 对脑静脉窦血栓形成（cerebralvenous and sinus thrombosis,CVST)的诊断",fact,,在 上可分为直接征象和间接征象。直接征象是指血栓本身征象，即静脉窦内三角形或条样高密度，约20%\~...,0,0,,
IMG2019_REC_010,"（六）NCCT 对脑静脉窦血栓形成（cerebralvenous and sinus thrombosis,CVST)的诊断",rec,,（） 是急诊急性脑出血、的首选检查（ 级证据， 级推荐）；（）对疑似急性缺血性卒中患者首先完成急诊N...,0,0,,
IMG2019_FACT_011,二、MRI,fact,,目前大多数医院常规磁共振扫描序列包括、 和 ，加上 和表观弥散系数（ADC）。DWI是利用分子布朗运...,0,0,,
IMG2019_FACT_012,（一） 在急性缺血性脑卒中诊断中的作用,fact,,在缺血数分钟后 即可出现异常高信号，是目前急性脑梗死病灶最精确的诊断手段。一般在 后出现病灶的高信号...,0,0,,
IMG2019_FACT_013,（二） 在 诊断中的作用,fact,,病理学研究表明，部分缺血性卒中患者，虽然症状消失，但仍旧出现了脑实质损害。因此，基于对梗死灶的极高的...,0,0,,
IMG2019_FACT_014,（三）MRI在脑出血诊断中的作用,fact,,对于脑出血的诊断敏感度主要取决于出血时间及扫描序列，主要与血管内红细胞的完整性及血红蛋白的演变有关。...,0,0,,
IMG2019_FACT_015,（四） 在 诊断中的作用,fact,,亚急性期因脑池内血中含有正铁血红蛋白，可以在 和 上表现为高信号。的 序列，对诊断 具有特异性，在正...,0,0,,
IMG2019_FACT_016,（五） 在 诊断中的作用,fact,,因血栓内的血红蛋白不断代谢，静脉窦血栓的信号特点复杂多变，诊断有一定困难，联合 、和 可提高其诊断率...,0,0,,
IMG2019_FACT_017,（六） 在血管源性脑白质高信号诊断中的,fact,,表2 不同时期的静脉窦血栓在磁共振成像的表现   Table 2 Manifestations of...,0,0,,
IMG2019_REC_018,（六） 在血管源性脑白质高信号诊断中的,rec,,（）对急性缺血性脑卒中的早期诊断，首先推荐 序列，其敏感度及特异度最高（ 级证据， 级推荐）；（）对...,0,0,,
IMG2019_FACT_019,血管成像技术,fact,,脑卒中、 与脑血管病变密切相关。血管影像可帮助了解血管闭塞部位、有无斑块及其性质，有无血管畸形、动脉...,0,0,,
IMG2019_FACT_020,一 、CTA 和 脑 CT 静 脉 造 影（CT venography，CTV）,fact,,的空间分辨力较增强 高，对颅内外动脉狭窄情况的判断可靠性更高。比较 和发现［51］ ， 在诊断无症状...,0,0,,
IMG2019_FACT_021,（一） 对颅内外动脉狭窄以及斑块的评估,fact,,等［52］荟萃分析结果提示，的重度颈动脉狭窄， 检出的敏感度、特异度分别为 、 。对于颈动脉闭塞检出...,0,0,,
IMG2019_FACT_022,（二） 对颅内外动脉夹层的诊断,fact,,原始图像可以看到颈内动脉夹层的狭窄管腔，横断面图像呈半月形略高密度影，与壁间出血相关，或可以看到血管...,0,0,,
IMG2019_FACT_023,（三） 对脑动脉瘤的诊断,fact,,与 相比， 在检测脑动脉瘤中具有很高的敏感度、特异度以及准确性，分别为 、和 ，但对于 小动脉瘤的敏...,0,0,,
IMG2019_FACT_024,（四） 对静脉窦血栓的诊断,fact,,对上矢状窦、直窦、横窦、乙状窦及大脑大静脉和大脑内静脉血栓检测的敏感度可达 ；对下矢状窦、基底静脉、...,0,0,,
IMG2019_FACT_025,二、MRA和MRV,fact,,是利用流动血液的磁共振信号与周围静止组织的磁共振信号差异而建立图像对比的一种技术，基本原理包括饱和效...,0,0,,
IMG2019_FACT_026,（一） 对颅内动脉瘤的诊断,fact,,能直接显示动脉瘤大小、部位、形状，能多方位多角度观察瘤体整体情况，局限性主要表现在空间分辨力低，对小...,0,0,,
IMG2019_FACT_027,（二） 对动脉夹层的诊断,fact,,常规 通常只能显示动脉夹层血肿导致的管腔狭窄，结合 原始图可以观察血管壁内血肿，但分辨力有限。但因为...,0,0,,
IMG2019_FACT_028,（三）MRA对脑动脉炎的诊断,fact,,可 辅 助 脑 动 脉 炎 的 诊 断 ，可 通 过和 实现，优点在于无创、操作简单方便。目前较多使...,0,0,,
IMG2019_FACT_029,（四） 对颅内静脉血栓的诊断,fact,,是静脉血流成像，明显受血流速度和伪影的影响，对血流慢的静脉窦和小静脉显示不准确，其信号的缺失有时并不...,0,0,,
IMG2019_FACT_030,三、DSA,fact,,通过数字化处理，保留血管影像，从而可以清晰观察血管病变情况，为临床提供真实立体的图像，并为介入治疗提...,0,0,,
IMG2019_FACT_031,（一） 对颅内外动脉狭窄的诊断,fact,,能真实显现脑血管形态、结构和循环时间，可清楚显示动脉管腔狭窄、闭塞以及侧支循环等情况，还能明确粥样硬...,0,0,,
IMG2019_FACT_032,（二） 对 的诊断,fact,,经动脉顺行性造影，不仅能显示各静脉窦的充盈形态、病变静脉窦闭塞程度，还能通过对比剂测定静脉窦显影时间...,0,0,,
IMG2019_FACT_033,（三） 对动脉夹层的诊断,fact,,一直被认为是诊断和随访动脉夹层的“金标准”。然而， 有时也不能给出动脉夹层的确切诊断，因为它不能显影...,0,0,,
IMG2019_FACT_034,四、HRVW MRI,fact,,近年已应用于临床的 乃新兴的血管成像技术，不仅可以进行管腔成像，而且能够直观显示管壁结构，是目前唯一...,0,0,,
IMG2019_FACT_035,（一） 对动脉夹层的诊断是 和,fact,,的重要补充［87］  动脉夹层是青年患者缺血性脑卒中及自发性的常见病因。 动脉夹层的征象包括：夹层内...,0,0,,
IMG2019_FACT_036,（二）HRVW MRI对烟雾病的诊断［89‐91］,fact,,与颅内动脉粥样硬化相比，烟雾病 表现为双侧颈内动脉末端和大脑前、中动脉起始处向心性缩窄及环形强化、较...,0,0,,
IMG2019_FACT_037,（三） 在中枢血管炎诊断中的应用［86］,fact,,中枢血管炎也称脑血管炎， 可在中‐小动脉中观察到光滑的壁增厚。中型动脉是指分叉处及前、后交通动脉的远...,0,0,,
IMG2019_REC_038,（三） 在中枢血管炎诊断中的应用［86］,rec,,（）在急性脑梗死发病超过 的患者，特别是考虑血管内治疗者，需进行诊断性检查（A级证据，Ⅰ级推荐）；（...,0,0,,
IMG2019_FACT_039,脑灌注成像技术,fact,,利用 和磁共振灌注成像（ ）进行的灌注影像已经成为评估卒中患者脑血流灌注情况的常规手段。尽管还缺乏一...,0,0,,
IMG2019_FACT_040,一、CTP,fact,,是指静脉注射对比剂的同时对选定的层面进行连续多次扫描，以获得该层面内每一个像素的时间 密度曲线。此项...,0,0,,
IMG2019_FACT_041,（一）CTP检测缺血半暗带,fact,,在检测缺血性脑损伤以及区分梗死灶和缺血半暗带上准确性很高。 检测脑缺血和梗死灶的敏感度最低为 ［93...,0,0,,
IMG2019_FACT_042,（二） 在侧支循环中的应用,fact,,侧支循环与卒中的复发、预后、溶栓疗效以及出血转化密切相关［96］ 。 能定量反映侧支循环的情况。由于...,0,0,,
IMG2019_FACT_043,（三）多模态CT在急性缺血性卒中诊疗中的作用,fact,,随着溶栓、取栓、桥接治疗技术在急诊缺血性卒中治疗中的广泛应用，以及对缺血性脑卒中脑生理变化和时间矩阵...,0,0,,
IMG2019_FACT_044,二、,fact,,是一种建立在血流流动效应基础上的成像方法。它可以描述血流通过组织血管网的情况，无创地评价组织的血流灌...,0,0,,
IMG2019_FACT_045,（一）DSC,fact,,DSC是一种通过注入对比剂来检查受损组织从而评估大脑微循环灌注的磁共振半定量方法，与灌注不同的是 效...,0,0,,
IMG2019_FACT_046,（二）,fact,,是一种利用血液作为内源性示踪剂的磁共振灌注方法。与对比剂首过磁共振灌注成像不同，它无需用到任何对比剂...,0,0,,
IMG2019_REC_047,（二）,rec,,（） 帮助临床区分永久性的梗死和可逆转的缺血半暗带，有助于溶栓和预后的判断（B级证据，Ⅱ级推荐）；（...,0,0,,
IMG2019_FACT_048,一、DTI,fact,,是磁共振 基础上发展起来的一种新的成像方法，它通过在多个方向上施加弥散敏感梯度来测量水分子弥散的程度...,0,0,,
IMG2019_FACT_049,二、BOLD,fact,,是检测脑组织局部活动功能的一种技术，当脑活动区域局部血液中氧合血红蛋白与去氧血红蛋白比例变化时，所引...,0,0,,
IMG2019_FACT_050,三、MRS,fact,,利用质子在不同化合物中共振频率轻微不同（即化学位移现象），来测定化合物的组成成分及其含量，是目前唯一...,0,0,,
IMG2019_FACT_051,四、,fact,,是一项新的对组织磁化率差异及血氧水平依赖效应敏感的对比增强技术，是采用三维采集、薄层重建、完全流动补...,0,0,,
IMG2019_FACT_052,五、血流动力学成像技术,fact,,和 技术可以提供高分辨率的静态图像，在血管类疾病中已经得到非常广泛的应用，近年来随着计算机成像技术的...,0,0,,
IMG2019_REC_053,五、血流动力学成像技术,rec,,（） 有助于对神经变性程度的判断，预测患者的运动功能转归（ 级证据， 级推荐）；（2）BOLD序列可...,0,0,,
IMG2019_FACT_054,执笔 徐运、黄一宁,fact,,专家委员会成员（按姓名字母顺序排列） 陈海波（北京医院）、陈生弟（上海交通大学医学院附属瑞金医院）、...,0,0,,
IMG2019_FACT_055,参 考 文 献,fact,,[1] 中华医学会神经病学分会 中华医学会神经病学分会脑血管病学组 中国脑血管病影像应用指南 中华神...,0,0,,
IMG2019_FACT_056,本刊对来稿中统计学处理的要求,fact,,统计学符号：按照 — 《统计学词汇及符号》的有关规定，统计学符号一律采用斜体排印。常用的有：（）样本...,0,0,,
